Date,Category,Item,Income,Expense,Balance
,Beginning balance,,,,
,,,,,
,,,,,
,,,,,
,,,,,
,,,,,
,,,,,
,,,,,
,,,,,
,,,,,

Instructions:
1. Every day for about 6 months, record every dollar that comes in (Income) or goes out (Expense).
2. Use the Category column for broad groups (Housing, Food, Transportation, Eating Out, Entertainment, Donation, Saving/Investing, etc.) and Item for the specific thing (e.g. "Coffee," "Rent").
3. Update Balance after each entry so you can see your running total.
4. After 6 months, total each Category to see where your money actually goes -- then build a budget around what you find, and try to stick to it.
